INSERT INTO Donantes (nombre, apellido, fecha_nacimiento, genero, tipo_sangre, telefono, correo, direccion) VALUES
('Baldomero', 'Leal', '1965-04-21', 'M', 'AB+', '+34704 106 885', 'cuervoelpidio@yahoo.com', 'Plaza Vicenta Rubio 7, Álava, 71012'),
('Edmundo', 'Almazán', '1979-03-24', 'O', 'B-', '+34719 747 045', 'otiliaaguila@hotmail.com', 'Pasadizo de Toño Torre 965, Valladolid, 17425'),
('Nicolás', 'Posada', '1964-05-10', 'O', 'A-', '+34747 69 50 39', 'albert53@vallejo-barreda.org', 'Rambla de Fabio Sales 17, Barcelona, 30454'),
('Toño', 'Rivera', '1959-05-24', 'O', 'AB-', '+34 749 185 116', 'ibeltran@quintero.org', 'Ronda de Pablo Alvarez 26, Huesca, 10868'),
('Mariano', 'Coll', '2004-01-03', 'M', 'AB-', '+34 706 52 85 8', 'drosell@cerdan.es', 'Ronda de Máxima Anaya 68 Puerta 8 , Guipúzcoa, 85395'),
('Ciro', 'Llabrés', '1993-10-28', 'F', 'AB-', '+34 635460813', 'ferrerajulio@gual.com', 'Cuesta América Puig 5, Guipúzcoa, 38290'),
('Tomasa', 'Urrutia', '1982-09-27', 'M', 'O-', '+34729 10 57 56', 'inocencio75@gmail.com', 'Ronda Remigio Vall 92 Piso 5 , Girona, 48950'),
('Ricardo', 'Aznar', '1999-03-31', 'F', 'AB+', '+34941 795 374', 'jose-ramon78@hotmail.com', 'Rambla Duilio Aller 37 Piso 8 , Lugo, 55390'),
('Abigaíl', 'Varela', '2000-04-17', 'F', 'AB+', '+34 709 05 63 1', 'sigfridopallares@yahoo.com', 'Rambla de Hector Artigas 38, Granada, 73481'),
('Cristian', 'Salas', '2001-01-27', 'M', 'AB-', '+34708438166', 'barrenaclotilde@yahoo.com', 'Cuesta Eloy Ferreras 13 Apt. 31 , Albacete, 65800'),
('Ámbar', 'Hoz', '1989-01-06', 'O', 'B+', '+34724 24 14 53', 'mireia27@ribas.es', 'Avenida de Vera Valdés 5, Lugo, 21758'),
('Encarnacion', 'Alemany', '1989-08-27', 'M', 'O+', '+34854536018', 'magdalena13@escolano-riquelme.com', 'Rambla Modesta Boix 20, Ceuta, 63600'),
('Evaristo', 'Carbó', '1990-10-06', 'O', 'O-', '+34721 20 57 33', 'qnoguera@borras.com', 'Acceso de Miriam Granados 1 Puerta 1 , Ciudad, 32809'),
('Teresa', 'Lago', '1988-01-04', 'M', 'B-', '+34715526094', 'jenny05@hotmail.com', 'C. Loida Espejo 257 Puerta 9 , La Coruña, 33567'),
('Loreto', 'Cárdenas', '1985-09-22', 'M', 'A+', '+34 840 235 212', 'domingo15@iniguez.com', 'Callejón Aurelia Carreras 515 Puerta 4 , Ciudad, 11917'),
('Pilar', 'Pont', '1983-10-14', 'O', 'B+', '+34712 26 06 33', 'zcastilla@diaz.org', 'Cañada de Berto Alvarez 7, Ourense, 83449'),
('Carla', 'Neira', '1960-11-29', 'F', 'O+', '+34702 44 36 37', 'zbastida@dominguez.com', 'Camino de Goyo Pérez 668, Castellón, 70840'),
('Horacio', 'Aranda', '1969-12-31', 'M', 'A-', '+34881 06 79 65', 'qromero@calleja.net', 'Acceso de Arcelia Rivero 74, Murcia, 09928'),
('Martina', 'Cadenas', '1990-04-08', 'F', 'B-', '+34838 70 54 75', 'heliodoro20@yahoo.com', 'Acceso de Marisela Robledo 21, Ourense, 28178'),
('Maristela', 'Guardiola', '2002-01-17', 'F', 'O+', '+34875596457', 'cristianbaena@villalobos.com', 'C. Marcela Escamilla 338, Málaga, 72458'),
('Felicia', 'Ródenas', '1974-09-01', 'F', 'AB-', '+34 726 765 066', 'vicente70@arellano.es', 'Paseo Jordana Tamayo 153 Apt. 27 , Soria, 60524'),
('Pepe', 'Mercader', '2005-03-30', 'F', 'A+', '+34 725 301 828', 'avillalba@valero-baro.net', 'Alameda José Ribera 71 Apt. 58 , Badajoz, 41152'),
('Goyo', 'Blanca', '1963-10-27', 'M', 'O-', '+34717 670 601', 'upenalver@yahoo.com', 'Alameda Eloísa Esteve 1 Piso 6 , Alicante, 45425'),
('Elodia', 'Suarez', '1983-12-01', 'M', 'AB-', '+34 748097235', 'tgiralt@figueras.es', 'Pasaje de Noemí Lerma 24 Puerta 6 , Badajoz, 69998'),
('Efraín', 'Guijarro', '1963-04-10', 'F', 'O+', '+34 706879493', 'violetavina@gmail.com', 'Paseo de Bernardino Pedrosa 32, Tarragona, 24622'),
('Wálter', 'Ledesma', '2001-05-06', 'M', 'O+', '+34 749343990', 'emilianasalva@gmail.com', 'Rambla de Máximo Ariza 4, Huelva, 12762'),
('Ciríaco', 'Zamora', '1962-10-27', 'F', 'AB-', '+34743162342', 'candidapeinado@hotmail.com', 'Cañada de Toribio Rosales 329, Ceuta, 78293'),
('Federico', 'Ávila', '1970-11-06', 'M', 'AB+', '+34 747114207', 'carminaguardiola@hotmail.com', 'Callejón de Chita Martinez 33, Cantabria, 16847'),
('Calisto', 'Esteve', '1991-01-03', 'M', 'AB-', '+34 728 16 84 1', 'juan-manuelmuniz@sainz.es', 'Cuesta de Pascual Peralta 4, Tarragona, 49811'),
('Agapito', 'Oliver', '1984-10-31', 'F', 'AB-', '+34727 622 325', 'xcobo@hervas.es', 'C. de Bienvenida Roselló 4 Piso 3 , Burgos, 79507'),
('Nicodemo', 'Santos', '2004-10-30', 'F', 'AB-', '+34 713 042 427', 'jose-antoniocasares@lloret.es', 'Callejón de Merche Morcillo 41 Puerta 7 , Ávila, 26478'),
('Mar', 'Teruel', '2001-07-02', 'F', 'B-', '+34 700 327 631', 'perearamona@gmail.com', 'Avenida Camilo Vicens 987, Girona, 56389'),
('Ignacio', 'Fernández', '1961-09-29', 'F', 'O-', '+34708 34 47 42', 'edmundo32@gmail.com', 'Via de Encarnita Ríos 1, Salamanca, 96512'),
('Fabiola', 'Ferrández', '1979-12-31', 'M', 'A+', '+34863 79 43 95', 'oiniguez@yahoo.com', 'Pasaje Anabel Zamora 3 Apt. 60 , La Coruña, 33503'),
('Florina', 'Gracia', '1971-01-07', 'M', 'AB-', '+34624362986', 'africaadan@gmail.com', 'Calle Rosalía Valentín 45, La Coruña, 84629'),
('Teo', 'Díaz', '1981-08-22', 'O', 'B-', '+34 745899026', 'bcanals@yahoo.com', 'Avenida de Fernando Bustos 45, Ciudad, 37001'),
('Anunciación', 'Gelabert', '1991-10-31', 'M', 'AB+', '+34 738 22 77 9', 'rocamoracesar@bartolome-orozco.com', 'Paseo Enrique Ibañez 33 Apt. 49 , Badajoz, 30455'),
('Selena', 'Carlos', '1975-08-21', 'M', 'AB+', '+34940141886', 'renata57@gallart.com', 'Via Trinidad Sáenz 93, Navarra, 52292'),
('Esther', 'Mate', '1977-01-17', 'F', 'B+', '+34 727 014 814', 'hnevado@gmail.com', 'Paseo de Manu Morell 59, Cantabria, 75117'),
('Sara', 'Hurtado', '1989-09-08', 'O', 'AB+', '+34836 458 848', 'saavedraisabela@chamorro.es', 'Callejón Enrique Huguet 2 Puerta 9 , Guipúzcoa, 56413'),
('Yolanda', 'Balaguer', '1995-01-22', 'F', 'B-', '+34856 043 478', 'nbelda@domingo.org', 'Cañada Cecilio Quintanilla 73 Puerta 7 , Álava, 89037'),
('Tristán', 'Donoso', '1979-07-11', 'O', 'A-', '+34 714 03 73 0', 'purificacion26@hotmail.com', 'Rambla de Alfredo Coloma 3, Zamora, 01377'),
('Guiomar', 'Zurita', '1994-03-13', 'O', 'O+', '+34 742 67 10 9', 'vnovoa@alfonso.net', 'Plaza de Samuel Chaparro 89, Toledo, 21397'),
('Judith', 'Morell', '1964-07-08', 'O', 'B-', '+34 735034760', 'ngirona@yahoo.com', 'Via de Francisca Falcón 40 Puerta 8 , Cádiz, 64291'),
('Adelardo', 'Mesa', '1997-06-06', 'M', 'O-', '+34 961 05 66 9', 'yurrutia@gmail.com', 'Avenida de Primitivo Gabaldón 1, Cádiz, 34594'),
('Concepción', 'Cámara', '1980-05-08', 'M', 'AB+', '+34702878044', 'pandreu@gmail.com', 'Callejón Victoria Bello 930 Puerta 9 , Melilla, 24458'),
('Severo', 'Lladó', '2001-11-06', 'F', 'O+', '+34 718339763', 'agataleon@valera-badia.es', 'Cuesta Eloy Pavón 65, Pontevedra, 19254'),
('Graciano', 'Vila', '2007-02-19', 'F', 'O+', '+34 733 74 88 9', 'voliveras@yahoo.com', 'Calle de Delia Cadenas 38 Puerta 4 , Asturias, 41127'),
('Pepe', 'Cobos', '2005-03-19', 'M', 'A+', '+34951 35 16 16', 'gdavila@barreda.com', 'Paseo Fausto Carrera 15, Lugo, 52502'),
('Timoteo', 'Guzmán', '1994-08-29', 'M', 'A+', '+34 649 181 089', 'fabian78@santos-ballester.com', 'Plaza Rosalina Porras 93, Girona, 67877');

INSERT INTO Organizadores (nombre, tipo, contacto, telefono, correo) VALUES
('Briones-Cazorla', 'Hospital', 'Julieta Guitart Cantero', '+34746583655', 'cristian06@blanch.org'),
('Perales, Molins and Trujillo', 'Universidad', 'Íngrid Benitez-Nuñez', '+34 826 667 844', 'kgonzalez@yahoo.com'),
('Pi-Berrocal', 'Hospital', 'Fausto Gámez-Francisco', '+34 723 859 607', 'dmarquez@santamaria.org'),
('Puga PLC', 'Empresa', 'Fernando Espinosa Losada', '+34921 29 15 58', 'turiarte@boada.org'),
('Perez LLC', 'Hospital', 'Sarita Atienza-Bárcena', '+34 639 703 269', 'tiburcio14@alberdi.net'),
('Noriega Ltd', 'ONG', 'Elena del Palacio', '+34735697481', 'dmartin@isern.com'),
('Noriega-Pi', 'Empresa', 'Román Chaparro Donaire', '+34654367848', 'rosario58@gmail.com'),
('Perelló Ltd', 'Universidad', 'Chucho Sastre Arranz', '+34 801233721', 'alcantaraeligia@castillo.es'),
('Girona, Figueroa and Valderrama', 'ONG', 'Tadeo Araujo Benavent', '+34745 319 665', 'barrancojulia@gmail.com'),
('Vera, Lobo and Toledo', 'ONG', 'Ale Tejada-Morán', '+34716 05 53 74', 'americorecio@hotmail.com'),
('Dávila Group', 'Empresa', 'Jordán Sarmiento Vilalta', '+34 706695978', 'ramon94@hotmail.com'),
('Montaña-Yuste', 'Universidad', 'Toño Piquer-Figueras', '+34722990251', 'raquel14@yahoo.com'),
('Calderón, Juárez and Cuadrado', 'Otro', 'Elisa del Acuña', '+34744 185 260', 'hboix@llamas.net'),
('Taboada-Blanco', 'Hospital', 'Reyna Alemany Acedo', '+34749 571 979', 'ambar35@manzanares.es'),
('Grande-Laguna', 'Hospital', 'Aureliano Perales Vallés', '+34 849 43 51 2', 'ernesto09@bermudez-tovar.com'),
('Huerta, Sotelo and Perez', 'Empresa', 'Angelino Falcón Marco', '+34 746 18 36 7', 'teodosioparra@yahoo.com'),
('Benavente-Pozuelo', 'Empresa', 'Emelina Gimenez Casas', '+34737 87 87 40', 'amarilis91@yahoo.com'),
('Bejarano-Julián', 'ONG', 'Amancio Alvarez Cano', '+34 713 38 12 9', 'macarenasierra@boix.com'),
('Pelayo Group', 'Hospital', 'Anselmo Benet Guijarro', '+34740 52 04 13', 'marinanastasia@gmail.com'),
('Garrido Ltd', 'Universidad', 'Eva María Purificación Priego Sierra', '+34663141393', 'checafanny@gmail.com'),
('Perez-Rodriguez', 'ONG', 'Isaac Madrigal Peral', '+34895 937 274', 'nazario06@yahoo.com'),
('Lladó, Jordán and Puente', 'Universidad', 'Zoraida Cáceres', '+34 616028327', 'almudenanieto@yahoo.com'),
('Lopez-Gomis', 'Otro', 'Tomasa Navas Sáenz', '+34731491938', 'escribanojeremias@robles.es'),
('Sanjuan Ltd', 'Empresa', 'Xiomara Chaparro Jerez', '+34700553506', 'reinaldo37@gmail.com'),
('Lobato, Cobo and Cisneros', 'Hospital', 'Benigno Canet-Roig', '+34748 852 393', 'alberolavanesa@hotmail.com'),
('Gelabert, Rojas and Santana', 'Empresa', 'Albina Correa Salamanca', '+34 724 288 563', 'jose-luislillo@hotmail.com'),
('Agustí LLC', 'ONG', 'Anabel Barrera', '+34744 901 912', 'perlapaez@yahoo.com'),
('Estevez, Paredes and Barreda', 'Hospital', 'Otilia Luís Alberdi', '+34825 06 34 21', 'iban92@gmail.com'),
('Villanueva, Pla and Aragonés', 'Universidad', 'Regina Navarrete-Arranz', '+34711 703 683', 'victor42@izaguirre.com'),
('Jover, Guerra and Almeida', 'Empresa', 'Arcelia Fuentes Sáez', '+34 740 485 632', 'noeliagiralt@cruz-alvarado.com'),
('Gonzalez and Sons', 'Otro', 'Eulalia Gutierrez-Huerta', '+34618400371', 'companyjuan-manuel@gmail.com'),
('Sanabria Group', 'Empresa', 'Clotilde Cabanillas Anguita', '+34745 961 048', 'oespada@costa.com'),
('Mariscal-Oliver', 'Hospital', 'Benito Navarro Santos', '+34 743 452 291', 'bfabregas@hotmail.com'),
('Borrás Group', 'Hospital', 'Plácido Clemente Puerta', '+34741 707 031', 'laraborja@gmail.com'),
('Donaire, Conde and Sáenz', 'Hospital', 'Lope Viña Real', '+34 732353684', 'echevarriaclaudio@garcia.com'),
('Badía Group', 'Empresa', 'José Busquets Rebollo', '+34 739738600', 'pelaezplinio@valenciano.com'),
('Baeza-Miró', 'ONG', 'Leopoldo Correa', '+34726 559 018', 'zmartinez@colom-prieto.es'),
('Galán LLC', 'Empresa', 'Fabricio Fermín Tomé Acuña', '+34710 09 01 68', 'cerveraaurelia@gmail.com'),
('Mínguez LLC', 'Empresa', 'Erasmo Garzón Soriano', '+34639 47 07 77', 'chicosalvador@costa.org'),
('Bou-Álvarez', 'Hospital', 'Eligia Rivas Carvajal', '+34744862276', 'mayolsimon@torrijos-piquer.es'),
('Montenegro-Quevedo', 'Hospital', 'Juan Guillén Ferrán', '+34 800 530 675', 'julio68@hotmail.com'),
('Acosta-Guitart', 'Empresa', 'Renato Diez Casares', '+34727800248', 'chus03@hotmail.com'),
('Perales, Santamaria and Carranza', 'Universidad', 'Reyna del Ribes', '+34 888 10 53 7', 'lorenzobuenaventura@yahoo.com'),
('Buendía Group', 'Empresa', 'Aránzazu Casares Salvador', '+34 870 47 47 9', 'gracielacampo@gimenez.com'),
('Pérez-Gomez', 'Hospital', 'Heliodoro Cabanillas', '+34 675 163 732', 'eloisacabezas@almeida-guillen.com'),
('Jove, Arcos and Carlos', 'Universidad', 'Maximiano Manzanares Gil', '+34 744848402', 'emagallego@yahoo.com'),
('Arcos-Solana', 'Hospital', 'Esmeralda de Almansa', '+34735460114', 'espinosaignacia@yahoo.com'),
('Amorós Inc', 'Hospital', 'Jose Miguel Carreras Lerma', '+34 807 07 76 6', 'laurabotella@yahoo.com'),
('Correa-Vergara', 'ONG', 'Eufemia Gálvez Morata', '+34 734 26 52 0', 'kgranados@alcala.com'),
('Cózar-Pont', 'Otro', 'Joel Carbonell Gimeno', '+34601 60 33 46', 'adela83@hotmail.com');

INSERT INTO Personal_Medico (nombre, cargo, correo, telefono) VALUES
('Odalis Robledo Recio', 'Otro', 'asanjuan@gmail.com', '+34920 471 944'),
('Marisela Amores-Arrieta', 'Técnico', 'gironfeliciana@moraleda.net', '+34 674173691'),
('Carla Ibañez Elías', 'Médico', 'rosalinafalco@requena-solana.com', '+34 729968470'),
('Luisina Valera Donaire', 'Técnico', 'jmontalban@gmail.com', '+34730747447'),
('Almudena Arce Guerrero', 'Técnico', 'maricruzleal@palomares.org', '+34 880548520'),
('Haydée Mascaró Sola', 'Enfermero', 'lcabello@hotmail.com', '+34 822 15 45 2'),
('Guiomar Real Molina', 'Otro', 'melisafranch@fonseca.com', '+34 731812261'),
('Obdulia Diaz Sanabria', 'Enfermero', 'dmaestre@salmeron.net', '+34 704 49 83 7'),
('Cecilio Sevilla Fuentes', 'Otro', 'fabricio56@yahoo.com', '+34745 28 46 17'),
('Aurelio Rosendo Luján Múñiz', 'Enfermero', 'martinarranz@ramos-guzman.es', '+34812832116'),
('Mirta Clementina Real Diego', 'Médico', 'roldangabriel@duenas.es', '+34731 616 497'),
('Edu Reinaldo Torre Ferrero', 'Técnico', 'abilio80@hotmail.com', '+34681 40 09 82'),
('Esteban del Santos', 'Técnico', 'juanita76@velasco.org', '+34 739718077'),
('América Fajardo Benitez', 'Enfermero', 'calcalde@miro-perales.es', '+34714394369'),
('Nidia Bou Ferrando', 'Médico', 'magdalena61@plaza.net', '+34 714682705'),
('Lucía Juanita Segovia Alberto', 'Médico', 'alcoleaana-sofia@yahoo.com', '+34 723 041 360'),
('Aristides Frutos Moles', 'Médico', 'tenahilda@mata.es', '+34861835998'),
('Reyes Alegre Escrivá', 'Otro', 'germandiego@hotmail.com', '+34 725 094 302'),
('Albano Ruben Uribe Jiménez', 'Enfermero', 'celiaalegria@nunez-bas.com', '+34700 784 113'),
('Florencio Manzanares Fernandez', 'Otro', 'horaciomarco@cabanillas.net', '+34707691098'),
('Kike Alberto', 'Otro', 'aavila@penas.com', '+34 747 798 226'),
('Felicidad Alfaro Mariscal', 'Otro', 'climaco98@gmail.com', '+34671 798 015'),
('Gastón Valentín-Roldán', 'Médico', 'teodoraespejo@yahoo.com', '+34 707124323'),
('Jennifer Concepción Robledo Mena', 'Médico', 'isaac44@cuadrado-barrera.es', '+34 704854622'),
('Petrona Roig Domingo', 'Enfermero', 'magdalena06@hotmail.com', '+34699 184 042'),
('Blanca Barragán Cazorla', 'Técnico', 'canizaresvaleria@hotmail.com', '+34 927 21 59 8'),
('Rosario Valbuena', 'Médico', 'arranzzoraida@gmail.com', '+34 627 79 97 0'),
('Delia Valera Morán', 'Técnico', 'romerojenny@hotmail.com', '+34747 94 85 76'),
('Leonel Monreal Mateu', 'Enfermero', 'belencisneros@gmail.com', '+34884459561'),
('Maite Ojeda Alsina', 'Enfermero', 'marcialrodenas@yahoo.com', '+34 749 715 038'),
('Gracia Rius Piña', 'Médico', 'custodioclemente@porras.es', '+34727 678 104'),
('Teresa de Gámez', 'Enfermero', 'valero64@madrid.es', '+34717 10 46 86'),
('Amalia Guerrero Moreno', 'Otro', 'imunoz@jordan-gimenez.org', '+34 702802413'),
('Alberto Quesada Lledó', 'Otro', 'jordi12@ruiz-huertas.com', '+34742 48 94 91'),
('Marcelino Rincón Ledesma', 'Médico', 'barriosfabio@gmail.com', '+34 743 999 749'),
('Bruno del Bonet', 'Otro', 'leticiaaranda@osorio.com', '+34 748 252 825'),
('Maximiano Pons Mármol', 'Enfermero', 'ignaciocano@hotmail.com', '+34 747265917'),
('Aránzazu Fuster Ferrera', 'Otro', 'pinolsamanta@ruiz.es', '+34733 67 66 32'),
('Cruz Paniagua', 'Médico', 'osunaberto@rosell.com', '+34 747683888'),
('Martirio Cabañas', 'Otro', 'pleal@gmail.com', '+34 954 493 290'),
('Glauco Fabio Cabañas Zamorano', 'Técnico', 'quirinoroman@minguez.es', '+34705 803 189'),
('Calisto de Berrocal', 'Enfermero', 'reynaldo96@luz.org', '+34 691 36 32 5'),
('Juliana del Vilaplana', 'Médico', 'cportillo@yahoo.com', '+34966 48 55 48'),
('Jerónimo Castells', 'Enfermero', 'isaiasterron@pelaez.org', '+34 961517846'),
('Renato Isaac Aranda Manjón', 'Técnico', 'eligiojauregui@hotmail.com', '+34639 55 75 52'),
('Vilma Carvajal-Bernal', 'Otro', 'calderongraciano@calvo.es', '+34 711 035 272'),
('Odalis Bartolomé Arteaga', 'Otro', 'salinasnicodemo@cadenas-moreno.org', '+34745 58 72 47'),
('Sebastián Amores Iriarte', 'Enfermero', 'lballesteros@hotmail.com', '+34710 41 86 18'),
('Concha Giralt Castañeda', 'Técnico', 'lcalatayud@hotmail.com', '+34660687649'),
('Itziar Salvà-Alcántara', 'Enfermero', 'amadobauza@hotmail.com', '+34733 86 34 63');

INSERT INTO Personal_Medico (nombre, cargo, correo, telefono) VALUES
('Personal1', 'Enfermero', 'personal1@mail.com', '555400001'),
('Personal2', 'Técnico', 'personal2@mail.com', '555400002'),
('Personal3', 'Otro', 'personal3@mail.com', '555400003'),
('Personal4', 'Médico', 'personal4@mail.com', '555400004'),
('Personal5', 'Enfermero', 'personal5@mail.com', '555400005'),
('Personal6', 'Técnico', 'personal6@mail.com', '555400006'),
('Personal7', 'Otro', 'personal7@mail.com', '555400007'),
('Personal8', 'Médico', 'personal8@mail.com', '555400008'),
('Personal9', 'Enfermero', 'personal9@mail.com', '555400009'),
('Personal10', 'Técnico', 'personal10@mail.com', '555400010'),
('Personal11', 'Otro', 'personal11@mail.com', '555400011'),
('Personal12', 'Médico', 'personal12@mail.com', '555400012'),
('Personal13', 'Enfermero', 'personal13@mail.com', '555400013'),
('Personal14', 'Técnico', 'personal14@mail.com', '555400014'),
('Personal15', 'Otro', 'personal15@mail.com', '555400015'),
('Personal16', 'Médico', 'personal16@mail.com', '555400016'),
('Personal17', 'Enfermero', 'personal17@mail.com', '555400017'),
('Personal18', 'Técnico', 'personal18@mail.com', '555400018'),
('Personal19', 'Otro', 'personal19@mail.com', '555400019'),
('Personal20', 'Médico', 'personal20@mail.com', '555400020'),
('Personal21', 'Enfermero', 'personal21@mail.com', '555400021'),
('Personal22', 'Técnico', 'personal22@mail.com', '555400022'),
('Personal23', 'Otro', 'personal23@mail.com', '555400023'),
('Personal24', 'Médico', 'personal24@mail.com', '555400024'),
('Personal25', 'Enfermero', 'personal25@mail.com', '555400025'),
('Personal26', 'Técnico', 'personal26@mail.com', '555400026'),
('Personal27', 'Otro', 'personal27@mail.com', '555400027'),
('Personal28', 'Médico', 'personal28@mail.com', '555400028'),
('Personal29', 'Enfermero', 'personal29@mail.com', '555400029'),
('Personal30', 'Técnico', 'personal30@mail.com', '555400030'),
('Personal31', 'Otro', 'personal31@mail.com', '555400031'),
('Personal32', 'Médico', 'personal32@mail.com', '555400032'),
('Personal33', 'Enfermero', 'personal33@mail.com', '555400033'),
('Personal34', 'Técnico', 'personal34@mail.com', '555400034'),
('Personal35', 'Otro', 'personal35@mail.com', '555400035'),
('Personal36', 'Médico', 'personal36@mail.com', '555400036'),
('Personal37', 'Enfermero', 'personal37@mail.com', '555400037'),
('Personal38', 'Técnico', 'personal38@mail.com', '555400038'),
('Personal39', 'Otro', 'personal39@mail.com', '555400039'),
('Personal40', 'Médico', 'personal40@mail.com', '555400040'),
('Personal41', 'Enfermero', 'personal41@mail.com', '555400041'),
('Personal42', 'Técnico', 'personal42@mail.com', '555400042'),
('Personal43', 'Otro', 'personal43@mail.com', '555400043'),
('Personal44', 'Médico', 'personal44@mail.com', '555400044'),
('Personal45', 'Enfermero', 'personal45@mail.com', '555400045'),
('Personal46', 'Técnico', 'personal46@mail.com', '555400046'),
('Personal47', 'Otro', 'personal47@mail.com', '555400047'),
('Personal48', 'Médico', 'personal48@mail.com', '555400048'),
('Personal49', 'Enfermero', 'personal49@mail.com', '555400049'),
('Personal50', 'Técnico', 'personal50@mail.com', '555400050');

INSERT INTO Campañas (nombre, descripcion, fecha_inicio, fecha_fin, ubicacion, id_organizador) VALUES
('Campaña 1', 'Descripción de la campaña 1', '2024-01-06', '2024-01-08', 'Ubicación 1', 2),
('Campaña 2', 'Descripción de la campaña 2', '2024-01-11', '2024-01-13', 'Ubicación 2', 3),
('Campaña 3', 'Descripción de la campaña 3', '2024-01-16', '2024-01-18', 'Ubicación 3', 4),
('Campaña 4', 'Descripción de la campaña 4', '2024-01-21', '2024-01-23', 'Ubicación 4', 5),
('Campaña 5', 'Descripción de la campaña 5', '2024-01-26', '2024-01-28', 'Ubicación 5', 6),
('Campaña 6', 'Descripción de la campaña 6', '2024-01-31', '2024-02-02', 'Ubicación 6', 7),
('Campaña 7', 'Descripción de la campaña 7', '2024-02-05', '2024-02-07', 'Ubicación 7', 8),
('Campaña 8', 'Descripción de la campaña 8', '2024-02-10', '2024-02-12', 'Ubicación 8', 9),
('Campaña 9', 'Descripción de la campaña 9', '2024-02-15', '2024-02-17', 'Ubicación 9', 10),
('Campaña 10', 'Descripción de la campaña 10', '2024-02-20', '2024-02-22', 'Ubicación 10', 11),
('Campaña 11', 'Descripción de la campaña 11', '2024-02-25', '2024-02-27', 'Ubicación 11', 12),
('Campaña 12', 'Descripción de la campaña 12', '2024-03-01', '2024-03-03', 'Ubicación 12', 13),
('Campaña 13', 'Descripción de la campaña 13', '2024-03-06', '2024-03-08', 'Ubicación 13', 14),
('Campaña 14', 'Descripción de la campaña 14', '2024-03-11', '2024-03-13', 'Ubicación 14', 15),
('Campaña 15', 'Descripción de la campaña 15', '2024-03-16', '2024-03-18', 'Ubicación 15', 16),
('Campaña 16', 'Descripción de la campaña 16', '2024-03-21', '2024-03-23', 'Ubicación 16', 17),
('Campaña 17', 'Descripción de la campaña 17', '2024-03-26', '2024-03-28', 'Ubicación 17', 18),
('Campaña 18', 'Descripción de la campaña 18', '2024-03-31', '2024-04-02', 'Ubicación 18', 19),
('Campaña 19', 'Descripción de la campaña 19', '2024-04-05', '2024-04-07', 'Ubicación 19', 20),
('Campaña 20', 'Descripción de la campaña 20', '2024-04-10', '2024-04-12', 'Ubicación 20', 21),
('Campaña 21', 'Descripción de la campaña 21', '2024-04-15', '2024-04-17', 'Ubicación 21', 22),
('Campaña 22', 'Descripción de la campaña 22', '2024-04-20', '2024-04-22', 'Ubicación 22', 23),
('Campaña 23', 'Descripción de la campaña 23', '2024-04-25', '2024-04-27', 'Ubicación 23', 24),
('Campaña 24', 'Descripción de la campaña 24', '2024-04-30', '2024-05-02', 'Ubicación 24', 25),
('Campaña 25', 'Descripción de la campaña 25', '2024-05-05', '2024-05-07', 'Ubicación 25', 26),
('Campaña 26', 'Descripción de la campaña 26', '2024-05-10', '2024-05-12', 'Ubicación 26', 27),
('Campaña 27', 'Descripción de la campaña 27', '2024-05-15', '2024-05-17', 'Ubicación 27', 28),
('Campaña 28', 'Descripción de la campaña 28', '2024-05-20', '2024-05-22', 'Ubicación 28', 29),
('Campaña 29', 'Descripción de la campaña 29', '2024-05-25', '2024-05-27', 'Ubicación 29', 30),
('Campaña 30', 'Descripción de la campaña 30', '2024-05-30', '2024-06-01', 'Ubicación 30', 31),
('Campaña 31', 'Descripción de la campaña 31', '2024-06-04', '2024-06-06', 'Ubicación 31', 32),
('Campaña 32', 'Descripción de la campaña 32', '2024-06-09', '2024-06-11', 'Ubicación 32', 33),
('Campaña 33', 'Descripción de la campaña 33', '2024-06-14', '2024-06-16', 'Ubicación 33', 34),
('Campaña 34', 'Descripción de la campaña 34', '2024-06-19', '2024-06-21', 'Ubicación 34', 35),
('Campaña 35', 'Descripción de la campaña 35', '2024-06-24', '2024-06-26', 'Ubicación 35', 36),
('Campaña 36', 'Descripción de la campaña 36', '2024-06-29', '2024-07-01', 'Ubicación 36', 37),
('Campaña 37', 'Descripción de la campaña 37', '2024-07-04', '2024-07-06', 'Ubicación 37', 38),
('Campaña 38', 'Descripción de la campaña 38', '2024-07-09', '2024-07-11', 'Ubicación 38', 39),
('Campaña 39', 'Descripción de la campaña 39', '2024-07-14', '2024-07-16', 'Ubicación 39', 40),
('Campaña 40', 'Descripción de la campaña 40', '2024-07-19', '2024-07-21', 'Ubicación 40', 41),
('Campaña 41', 'Descripción de la campaña 41', '2024-07-24', '2024-07-26', 'Ubicación 41', 42),
('Campaña 42', 'Descripción de la campaña 42', '2024-07-29', '2024-07-31', 'Ubicación 42', 43),
('Campaña 43', 'Descripción de la campaña 43', '2024-08-03', '2024-08-05', 'Ubicación 43', 44),
('Campaña 44', 'Descripción de la campaña 44', '2024-08-08', '2024-08-10', 'Ubicación 44', 45),
('Campaña 45', 'Descripción de la campaña 45', '2024-08-13', '2024-08-15', 'Ubicación 45', 46),
('Campaña 46', 'Descripción de la campaña 46', '2024-08-18', '2024-08-20', 'Ubicación 46', 47),
('Campaña 47', 'Descripción de la campaña 47', '2024-08-23', '2024-08-25', 'Ubicación 47', 48),
('Campaña 48', 'Descripción de la campaña 48', '2024-08-28', '2024-08-30', 'Ubicación 48', 49),
('Campaña 49', 'Descripción de la campaña 49', '2024-09-02', '2024-09-04', 'Ubicación 49', 50),
('Campaña 50', 'Descripción de la campaña 50', '2024-09-07', '2024-09-09', 'Ubicación 50', 1);

INSERT INTO Donaciones (id_donante, id_campaña, fecha_donacion, cantidad_ml, estado) VALUES
(2, 2, '2024-01-02', 404, 'Rechazada'),
(3, 3, '2024-01-03', 486, 'Diferida'),
(4, 4, '2024-01-04', 364, 'Aprobada'),
(5, 5, '2024-01-05', 487, 'Rechazada'),
(6, 6, '2024-01-06', 484, 'Diferida'),
(7, 7, '2024-01-07', 455, 'Aprobada'),
(8, 8, '2024-01-08', 472, 'Rechazada'),
(9, 9, '2024-01-09', 375, 'Diferida'),
(10, 10, '2024-01-10', 481, 'Aprobada'),
(11, 11, '2024-01-11', 441, 'Rechazada'),
(12, 12, '2024-01-12', 491, 'Diferida'),
(13, 13, '2024-01-13', 432, 'Aprobada'),
(14, 14, '2024-01-14', 418, 'Rechazada'),
(15, 15, '2024-01-15', 461, 'Diferida'),
(16, 16, '2024-01-16', 458, 'Aprobada'),
(17, 17, '2024-01-17', 483, 'Rechazada'),
(18, 18, '2024-01-18', 360, 'Diferida'),
(19, 19, '2024-01-19', 361, 'Aprobada'),
(20, 20, '2024-01-20', 470, 'Rechazada'),
(21, 21, '2024-01-21', 369, 'Diferida'),
(22, 22, '2024-01-22', 402, 'Aprobada'),
(23, 23, '2024-01-23', 443, 'Rechazada'),
(24, 24, '2024-01-24', 497, 'Diferida'),
(25, 25, '2024-01-25', 451, 'Aprobada'),
(26, 26, '2024-01-26', 363, 'Rechazada'),
(27, 27, '2024-01-27', 428, 'Diferida'),
(28, 28, '2024-01-28', 412, 'Aprobada'),
(29, 29, '2024-01-29', 459, 'Rechazada'),
(30, 30, '2024-01-30', 454, 'Diferida'),
(31, 31, '2024-01-31', 416, 'Aprobada'),
(32, 32, '2024-02-01', 389, 'Rechazada'),
(33, 33, '2024-02-02', 374, 'Diferida'),
(34, 34, '2024-02-03', 435, 'Aprobada'),
(35, 35, '2024-02-04', 462, 'Rechazada'),
(36, 36, '2024-02-05', 410, 'Diferida'),
(37, 37, '2024-02-06', 436, 'Aprobada'),
(38, 38, '2024-02-07', 375, 'Rechazada'),
(39, 39, '2024-02-08', 384, 'Diferida'),
(40, 40, '2024-02-09', 362, 'Aprobada'),
(41, 41, '2024-02-10', 391, 'Rechazada'),
(42, 42, '2024-02-11', 462, 'Diferida'),
(43, 43, '2024-02-12', 421, 'Aprobada'),
(44, 44, '2024-02-13', 416, 'Rechazada'),
(45, 45, '2024-02-14', 382, 'Diferida'),
(46, 46, '2024-02-15', 352, 'Aprobada'),
(47, 47, '2024-02-16', 432, 'Rechazada'),
(48, 48, '2024-02-17', 353, 'Diferida'),
(49, 49, '2024-02-18', 463, 'Aprobada'),
(50, 50, '2024-02-19', 394, 'Rechazada'),
(1, 1, '2024-02-20', 493, 'Diferida');

INSERT INTO Citas (id_donante, id_campaña, fecha_hora, estado) VALUES
(2, 2, '2024-01-02 09:00:00', 'Cancelada'),
(3, 3, '2024-01-03 010:00:00', 'Atendida'),
(4, 4, '2024-01-04 011:00:00', 'Confirmada'),
(5, 5, '2024-01-05 012:00:00', 'Cancelada'),
(6, 6, '2024-01-06 013:00:00', 'Atendida'),
(7, 7, '2024-01-07 014:00:00', 'Confirmada'),
(8, 8, '2024-01-08 015:00:00', 'Cancelada'),
(9, 9, '2024-01-09 016:00:00', 'Atendida'),
(10, 10, '2024-01-10 017:00:00', 'Confirmada'),
(11, 11, '2024-01-11 08:00:00', 'Cancelada'),
(12, 12, '2024-01-12 09:00:00', 'Atendida'),
(13, 13, '2024-01-13 010:00:00', 'Confirmada'),
(14, 14, '2024-01-14 011:00:00', 'Cancelada'),
(15, 15, '2024-01-15 012:00:00', 'Atendida'),
(16, 16, '2024-01-16 013:00:00', 'Confirmada'),
(17, 17, '2024-01-17 014:00:00', 'Cancelada'),
(18, 18, '2024-01-18 015:00:00', 'Atendida'),
(19, 19, '2024-01-19 016:00:00', 'Confirmada'),
(20, 20, '2024-01-20 017:00:00', 'Cancelada'),
(21, 21, '2024-01-21 08:00:00', 'Atendida'),
(22, 22, '2024-01-22 09:00:00', 'Confirmada'),
(23, 23, '2024-01-23 010:00:00', 'Cancelada'),
(24, 24, '2024-01-24 011:00:00', 'Atendida'),
(25, 25, '2024-01-25 012:00:00', 'Confirmada'),
(26, 26, '2024-01-26 013:00:00', 'Cancelada'),
(27, 27, '2024-01-27 014:00:00', 'Atendida'),
(28, 28, '2024-01-28 015:00:00', 'Confirmada'),
(29, 29, '2024-01-29 016:00:00', 'Cancelada'),
(30, 30, '2024-01-30 017:00:00', 'Atendida'),
(31, 31, '2024-01-31 08:00:00', 'Confirmada'),
(32, 32, '2024-02-01 09:00:00', 'Cancelada'),
(33, 33, '2024-02-02 010:00:00', 'Atendida'),
(34, 34, '2024-02-03 011:00:00', 'Confirmada'),
(35, 35, '2024-02-04 012:00:00', 'Cancelada'),
(36, 36, '2024-02-05 013:00:00', 'Atendida'),
(37, 37, '2024-02-06 014:00:00', 'Confirmada'),
(38, 38, '2024-02-07 015:00:00', 'Cancelada'),
(39, 39, '2024-02-08 016:00:00', 'Atendida'),
(40, 40, '2024-02-09 017:00:00', 'Confirmada'),
(41, 41, '2024-02-10 08:00:00', 'Cancelada'),
(42, 42, '2024-02-11 09:00:00', 'Atendida'),
(43, 43, '2024-02-12 010:00:00', 'Confirmada'),
(44, 44, '2024-02-13 011:00:00', 'Cancelada'),
(45, 45, '2024-02-14 012:00:00', 'Atendida'),
(46, 46, '2024-02-15 013:00:00', 'Confirmada'),
(47, 47, '2024-02-16 014:00:00', 'Cancelada'),
(48, 48, '2024-02-17 015:00:00', 'Atendida'),
(49, 49, '2024-02-18 016:00:00', 'Confirmada'),
(50, 50, '2024-02-19 017:00:00', 'Cancelada'),
(1, 1, '2024-02-20 08:00:00', 'Atendida');

INSERT INTO Historial_Medico (id_donante, fecha_evaluacion, presion_arterial, nivel_hemoglobina, peso, resultado) VALUES
(2, '2024-01-02', '101/61', 14.68, 63.54, 'No Apto'),
(3, '2024-01-03', '102/62', 15.17, 81.49, 'Apto'),
(4, '2024-01-04', '103/63', 15.86, 52.5, 'No Apto'),
(5, '2024-01-05', '104/64', 14.39, 64.47, 'Apto'),
(6, '2024-01-06', '105/65', 12.22, 80.77, 'No Apto'),
(7, '2024-01-07', '106/66', 11.42, 56.63, 'Apto'),
(8, '2024-01-08', '107/67', 14.9, 77.12, 'No Apto'),
(9, '2024-01-09', '108/68', 13.99, 70.45, 'Apto'),
(10, '2024-01-10', '109/69', 11.96, 52.25, 'No Apto'),
(11, '2024-01-11', '110/70', 11.6, 61.74, 'Apto'),
(12, '2024-01-12', '111/71', 13.62, 68.79, 'No Apto'),
(13, '2024-01-13', '112/72', 14.64, 75.06, 'Apto'),
(14, '2024-01-14', '113/73', 13.86, 88.96, 'No Apto'),
(15, '2024-01-15', '114/74', 13.9, 88.54, 'Apto'),
(16, '2024-01-16', '115/75', 14.16, 81.24, 'No Apto'),
(17, '2024-01-17', '116/76', 14.95, 59.67, 'Apto'),
(18, '2024-01-18', '117/77', 14.31, 81.25, 'No Apto'),
(19, '2024-01-19', '118/78', 14.6, 70.6, 'Apto'),
(20, '2024-01-20', '119/79', 14.83, 72.71, 'No Apto'),
(21, '2024-01-21', '120/60', 15.38, 80.77, 'Apto'),
(22, '2024-01-22', '121/61', 14.63, 72.95, 'No Apto'),
(23, '2024-01-23', '122/62', 13.04, 77.54, 'Apto'),
(24, '2024-01-24', '123/63', 15.81, 87.73, 'No Apto'),
(25, '2024-01-25', '124/64', 15.17, 55.83, 'Apto'),
(26, '2024-01-26', '125/65', 11.79, 73.14, 'No Apto'),
(27, '2024-01-27', '126/66', 15.63, 52.0, 'Apto'),
(28, '2024-01-28', '127/67', 14.92, 62.16, 'No Apto'),
(29, '2024-01-29', '128/68', 12.58, 61.62, 'Apto'),
(30, '2024-01-30', '129/69', 14.43, 87.79, 'No Apto'),
(31, '2024-01-31', '130/70', 13.01, 83.32, 'Apto'),
(32, '2024-02-01', '131/71', 11.61, 87.14, 'No Apto'),
(33, '2024-02-02', '132/72', 11.61, 73.13, 'Apto'),
(34, '2024-02-03', '133/73', 12.22, 82.52, 'No Apto'),
(35, '2024-02-04', '134/74', 13.92, 71.75, 'Apto'),
(36, '2024-02-05', '135/75', 15.49, 54.81, 'No Apto'),
(37, '2024-02-06', '136/76', 12.45, 77.3, 'Apto'),
(38, '2024-02-07', '137/77', 15.68, 78.31, 'No Apto'),
(39, '2024-02-08', '138/78', 13.4, 82.32, 'Apto'),
(40, '2024-02-09', '139/79', 14.05, 85.73, 'No Apto'),
(41, '2024-02-10', '100/60', 14.39, 52.39, 'Apto'),
(42, '2024-02-11', '101/61', 15.74, 80.99, 'No Apto'),
(43, '2024-02-12', '102/62', 15.75, 72.9, 'Apto'),
(44, '2024-02-13', '103/63', 12.86, 60.07, 'No Apto'),
(45, '2024-02-14', '104/64', 15.31, 52.53, 'Apto'),
(46, '2024-02-15', '105/65', 11.9, 77.67, 'No Apto'),
(47, '2024-02-16', '106/66', 14.49, 81.09, 'Apto'),
(48, '2024-02-17', '107/67', 12.64, 60.67, 'No Apto'),
(49, '2024-02-18', '108/68', 12.48, 65.13, 'Apto'),
(50, '2024-02-19', '109/69', 13.96, 53.43, 'No Apto'),
(1, '2024-02-20', '110/70', 14.41, 64.56, 'Apto');

INSERT INTO Evaluaciones (id_donacion, id_personal, observaciones, resultado) VALUES
(1, 2, 'Observación 1', 'Fallida'),
(2, 3, 'Observación 2', 'Complicada'),
(3, 4, 'Observación 3', 'Exitosa'),
(4, 5, 'Observación 4', 'Fallida'),
(5, 6, 'Observación 5', 'Complicada'),
(6, 7, 'Observación 6', 'Exitosa'),
(7, 8, 'Observación 7', 'Fallida'),
(8, 9, 'Observación 8', 'Complicada'),
(9, 10, 'Observación 9', 'Exitosa'),
(10, 11, 'Observación 10', 'Fallida'),
(11, 12, 'Observación 11', 'Complicada'),
(12, 13, 'Observación 12', 'Exitosa'),
(13, 14, 'Observación 13', 'Fallida'),
(14, 15, 'Observación 14', 'Complicada'),
(15, 16, 'Observación 15', 'Exitosa'),
(16, 17, 'Observación 16', 'Fallida'),
(17, 18, 'Observación 17', 'Complicada'),
(18, 19, 'Observación 18', 'Exitosa'),
(19, 20, 'Observación 19', 'Fallida'),
(20, 21, 'Observación 20', 'Complicada'),
(21, 22, 'Observación 21', 'Exitosa'),
(22, 23, 'Observación 22', 'Fallida'),
(23, 24, 'Observación 23', 'Complicada'),
(24, 25, 'Observación 24', 'Exitosa'),
(25, 26, 'Observación 25', 'Fallida'),
(26, 27, 'Observación 26', 'Complicada'),
(27, 28, 'Observación 27', 'Exitosa'),
(28, 29, 'Observación 28', 'Fallida'),
(29, 30, 'Observación 29', 'Complicada'),
(30, 31, 'Observación 30', 'Exitosa'),
(31, 32, 'Observación 31', 'Fallida'),
(32, 33, 'Observación 32', 'Complicada'),
(33, 34, 'Observación 33', 'Exitosa'),
(34, 35, 'Observación 34', 'Fallida'),
(35, 36, 'Observación 35', 'Complicada'),
(36, 37, 'Observación 36', 'Exitosa'),
(37, 38, 'Observación 37', 'Fallida'),
(38, 39, 'Observación 38', 'Complicada'),
(39, 40, 'Observación 39', 'Exitosa'),
(40, 41, 'Observación 40', 'Fallida'),
(41, 42, 'Observación 41', 'Complicada'),
(42, 43, 'Observación 42', 'Exitosa'),
(43, 44, 'Observación 43', 'Fallida'),
(44, 45, 'Observación 44', 'Complicada'),
(45, 46, 'Observación 45', 'Exitosa'),
(46, 47, 'Observación 46', 'Fallida'),
(47, 48, 'Observación 47', 'Complicada'),
(48, 49, 'Observación 48', 'Exitosa'),
(49, 50, 'Observación 49', 'Fallida'),
(50, 1, 'Observación 50', 'Complicada');